Trade #,Type,Date and time,Signal,Price USDT,Position size (qty),Position size (value),Net P&L USD,Net P&L %,Favorable excursion USD,Favorable excursion %,Adverse excursion USD,Adverse excursion %,Cumulative P&L USD,Cumulative P&L %
1,Exit short,2020-03-26,Margin call,6673.6,0.000032,0.2135488,-0.0002,-0.11,0,0.00,-0.0001,-0.06,-0.55,-0.05
1,Entry short,2020-03-25,Short,6673.4,0.000032,0.2135488,-0.0002,-0.11,0,0.00,-0.0001,-0.06,-0.55,-0.05
2,Exit short,2020-03-26,Margin call,6777.5,0.018268,121.9096712,-2.04,-1.67,0,0.00,-1.97,-1.61,-2.52,-0.25
2,Entry short,2020-03-25,Short,6673.4,0.018268,121.9096712,-2.04,-1.67,0,0.00,-1.97,-1.61,-2.52,-0.25
3,Exit short,2020-03-30,Trail S,6391.1,0.131466,877.3252044,36.17,4.12,107.77,12.28,-22.38,-2.55,34.13,3.41
3,Entry short,2020-03-25,Short,6673.4,0.131466,877.3252044,36.17,4.12,107.77,12.28,-22.38,-2.55,34.13,3.41
4,Exit short,2020-04-14,Margin call,6975.6,0.024556,167.815704,-3.66,-2.18,1.95,1.16,-3.57,-2.13,29.99,3.00
4,Entry short,2020-04-13,Short,6834,0.024556,167.815704,-3.66,-2.18,1.95,1.16,-3.57,-2.13,29.99,3.00
5,Exit short,2020-04-22,Exit S,7120.1,0.126682,865.744788,-37.22,-4.30,46.23,5.34,-58.24,-6.72,-6.75,-0.67
5,Entry short,2020-04-13,Short,6834,0.126682,865.744788,-37.22,-4.30,46.23,5.34,-58.24,-6.72,-6.75,-0.67
6,Exit long,2020-05-21,Trail L,9060,0.113848,992.697636,37.65,3.79,140.53,14.15,-65.26,-6.57,30.9,3.09
6,Entry long,2020-05-10,Long,8719.5,0.113848,992.697636,37.65,3.79,140.53,14.15,-65.26,-6.57,30.9,3.09
7,Exit long,2020-06-13,Exit L,9468.5,0.112403,1030.330859,32.8,3.18,149.03,14.46,-61.6,-5.98,63.71,6.37
7,Entry long,2020-05-22,Long,9166.4,0.112403,1030.330859,32.8,3.18,149.03,14.46,-61.6,-5.98,63.71,6.37
8,Exit long,2020-06-30,Exit L,9138.9,0.110377,1063.118151,-55.53,-5.22,4.53,0.43,-90.58,-8.52,8.18,0.82
8,Entry long,2020-06-23,Long,9631.7,0.110377,1063.118151,-55.53,-5.22,4.53,0.43,-90.58,-8.52,8.18,0.82
9,Exit long,2020-07-17,Exit L,9151.7,0.108831,1007.611813,-12.73,-1.26,22.46,2.23,-23.9,-2.37,-4.55,-0.46
9,Entry long,2020-07-07,Long,9258.5,0.108831,1007.611813,-12.73,-1.26,22.46,2.23,-23.9,-2.37,-4.55,-0.46
10,Exit long,2020-08-02,Trail L,11079.7,0.105976,994.902688,178.09,17.89,292.61,29.40,-12.84,-1.29,173.54,17.35
10,Entry long,2020-07-21,Long,9388,0.105976,994.902688,178.09,17.89,292.61,29.40,-12.84,-1.29,173.54,17.35
11,Exit long,2020-08-28,Exit L,11526.9,0.10165,1172.888525,-2.47,-0.21,29.19,2.49,-42.17,-3.59,171.07,17.11
11,Entry long,2020-08-21,Long,11538.5,0.10165,1172.888525,-2.47,-0.21,29.19,2.49,-42.17,-3.59,171.07,17.11
12,Exit long,2020-09-08,Exit L,10129,0.098105,1170.412271,-177.9,-15.19,2.38,0.20,-208.78,-17.83,-6.83,-0.68
12,Entry long,2020-09-01,Long,11930.2,0.098105,1170.412271,-177.9,-15.19,2.38,0.20,-208.78,-17.83,-6.83,-0.68
13,Exit long,2020-09-23,Exit L,10237.9,0.092107,992.6187176,-50.7,-5.10,36.32,3.66,-59.92,-6.03,-57.53,-5.75
13,Entry long,2020-09-15,Long,10776.8,0.092107,992.6187176,-50.7,-5.10,36.32,3.66,-59.92,-6.03,-57.53,-5.75
14,Exit long,2020-10-04,Exit L,10660.2,0.087476,941.941568,-10.46,-1.11,21.88,2.32,-35.25,-3.74,-67.99,-6.80
14,Entry long,2020-09-27,Long,10768,0.087476,941.941568,-10.46,-1.11,21.88,2.32,-35.25,-3.74,-67.99,-6.80
15,Exit long,2020-11-26,Trail L,17155.3,0.085305,931.4879475,530.63,56.93,736.07,78.98,-9.14,-0.98,462.64,46.26
15,Entry long,2020-10-08,Long,10919.5,0.085305,931.4879475,530.63,56.93,736.07,78.98,-9.14,-0.98,462.64,46.26
16,Exit long,2020-12-04,Trail L,18664.2,0.085267,1461.825975,127.94,8.75,238.96,16.34,-24.53,-1.68,590.57,59.06
16,Entry long,2020-11-27,Long,17144.1,0.085267,1461.825975,127.94,8.75,238.96,16.34,-24.53,-1.68,590.57,59.06
17,Exit long,2021-01-10,Trail L,38221.7,0.086777,1589.693896,1724.37,108.41,2064.96,129.83,-67.2,-4.22,2314.94,231.49
17,Entry long,2020-12-08,Long,18319.3,0.086777,1589.693896,1724.37,108.41,2064.96,129.83,-67.2,-4.22,2314.94,231.49
18,Exit long,2021-02-22,Trail L,54121.1,0.093316,3313.100596,1732.66,52.27,2141.46,64.60,-10.6,-0.32,4047.61,404.76
18,Entry long,2021-02-02,Long,35504.1,0.093316,3313.100596,1732.66,52.27,2141.46,64.60,-10.6,-0.32,4047.61,404.76
19,Exit long,2021-03-02,Exit L,48450.6,0.103103,5044.82979,-54.95,-1.09,327.67,6.49,-613.96,-12.16,3992.66,399.27
19,Entry long,2021-02-23,Long,48930,0.103103,5044.82979,-54.95,-1.09,327.67,6.49,-613.96,-12.16,3992.66,399.27
20,Exit long,2021-03-15,Trail L,55646.6,0.09785,4989.890105,449.39,9.00,1069.17,21.42,-167.65,-3.36,4442.05,444.20
20,Entry long,2021-03-07,Long,50995.3,0.09785,4989.890105,449.39,9.00,1069.17,21.42,-167.65,-3.36,4442.05,444.20
21,Exit long,2021-04-17,Trail L,60090.1,0.100482,5439.050467,592.61,10.89,1087.89,19.99,-372.51,-6.85,5034.66,503.47
21,Entry long,2021-03-22,Long,54129.6,0.100482,5439.050467,592.61,10.89,1087.89,19.99,-372.51,-6.85,5034.66,503.47
22,Exit long,2021-05-05,Margin call,53263.3,0.000264,15.2687832,-1.22,-8.01,0.31,2.05,-1.26,-8.25,5030.13,503.01
22,Entry long,2021-05-01,Long,57836.3,0.000264,15.2687832,-1.22,-8.01,0.31,2.05,-1.26,-8.25,5030.13,503.01
23,Exit long,2021-05-13,Exit L,49707.9,0.104018,6016.016253,-851.06,-14.15,185.95,3.09,-1275.6,-21.21,4182.38,418.24
23,Entry long,2021-05-01,Long,57836.3,0.104018,6016.016253,-851.06,-14.15,185.95,3.09,-1275.6,-21.21,4182.38,418.24
24,Exit short,2021-06-18,Margin call,38060.7,0.000048,1.8269136,-0.002,-0.11,0,0.00,-0.001,-0.05,4179.53,417.95
24,Entry short,2021-06-17,Short,38060.7,0.000048,1.8269136,-0.002,-0.11,0,0.00,-0.001,-0.05,4179.53,417.95
25,Exit short,2021-06-18,Margin call,38198,0.003768,143.4127176,-0.68,-0.47,0,0.00,-0.6,-0.42,4178.93,417.89
25,Entry short,2021-06-17,Short,38060.7,0.003768,143.4127176,-0.68,-0.47,0,0.00,-0.6,-0.42,4178.93,417.89
26,Exit short,2021-06-23,Trail S,33649,0.132269,5034.250728,578.49,11.48,1224.66,24.32,-20.93,-0.42,4760.19,476.02
26,Entry short,2021-06-17,Short,38060.7,0.132269,5034.250728,578.49,11.48,1224.66,24.32,-20.93,-0.42,4760.19,476.02
27,Exit short,2021-07-01,Margin call,35031.4,0.00006,2.101884,-0.002,-0.11,0,0.00,-0.001,-0.05,4757.02,475.70
27,Entry short,2021-06-30,Short,35031.4,0.00006,2.101884,-0.002,-0.11,0,0.00,-0.001,-0.05,4757.02,475.70
28,Exit short,2021-07-01,Margin call,35045,0.000332,11.6304248,-0.02,-0.15,0,0.00,-0.01,-0.09,4757.01,475.70
28,Entry short,2021-06-30,Short,35031.4,0.000332,11.6304248,-0.02,-0.15,0,0.00,-0.01,-0.09,4757.01,475.70
29,Exit short,2021-07-04,Margin call,35955.6,0.032244,1129.552462,-31.06,-2.75,75.47,6.68,-30.43,-2.69,4726.57,472.66
29,Entry short,2021-06-30,Short,35031.4,0.032244,1129.552462,-31.06,-2.75,75.47,6.68,-30.43,-2.69,4726.57,472.66
30,Exit short,2021-07-21,Trail S,32120,0.131686,4613.14494,378.56,8.20,759.82,16.46,-124.27,-2.69,5107.67,510.77
30,Entry short,2021-06-30,Short,35031.4,0.131686,4613.14494,378.56,8.20,759.82,16.46,-124.27,-2.69,5107.67,510.77
31,Exit long,2021-08-28,Margin call,49082.1,0.000196,9.1832076,0.43,4.64,0.46,4.99,-0.1,-1.11,5104.74,510.47
31,Entry long,2021-08-26,Long,46853.1,0.000196,9.1832076,0.43,4.64,0.46,4.99,-0.1,-1.11,5104.74,510.47
32,Exit long,2021-09-07,Trail L,46864.4,0.130051,6093.292508,-5.24,-0.09,789.87,12.95,-623.31,-10.22,5102.86,510.29
32,Entry long,2021-08-26,Long,46853.1,0.130051,6093.292508,-5.24,-0.09,789.87,12.95,-623.31,-10.22,5102.86,510.29
33,Exit long,2021-09-23,Margin call,43520,0.000164,7.9187728,-0.79,-9.97,0.01,0.11,-1.44,-18.23,5098.72,509.87
33,Entry long,2021-09-18,Long,48285.2,0.000164,7.9187728,-0.79,-9.97,0.01,0.11,-1.44,-18.23,5098.72,509.87
34,Exit long,2021-09-25,Exit L,42651.6,0.126133,6090.357132,-717.46,-11.76,6.67,0.11,-1110.67,-18.23,4384.61,438.46
34,Entry long,2021-09-18,Long,48285.2,0.126133,6090.357132,-717.46,-11.76,6.67,0.11,-1110.67,-18.23,4384.61,438.46
35,Exit long,2021-10-02,Margin call,48123.9,0.000128,6.1598592,-0.01,-0.11,0,0.00,-0.003,-0.05,4381.64,438.16
35,Entry long,2021-10-01,Long,48123.9,0.000128,6.1598592,-0.01,-0.11,0,0.00,-0.003,-0.05,4381.64,438.16
36,Exit long,2021-10-21,Trail L,62260.3,0.111678,5374.380904,1572.1,29.23,2122.48,39.46,-141.36,-2.63,5956.7,595.67
36,Entry long,2021-10-01,Long,48123.9,0.111678,5374.380904,1572.1,29.23,2122.48,39.46,-141.36,-2.63,5956.7,595.67
37,Exit long,2021-10-28,Margin call,58449.4,0.000472,27.5881168,-0.03,-0.11,0,0.00,-0.02,-0.05,5952.86,595.29
37,Entry long,2021-10-27,Long,58449.4,0.000472,27.5881168,-0.03,-0.11,0,0.00,-0.02,-0.05,5952.86,595.29
38,Exit long,2021-11-12,Trail L,64156.1,0.118459,6923.857475,668.36,9.64,1269.67,18.33,-110.48,-1.59,6625.03,662.50
38,Entry long,2021-10-27,Long,58449.4,0.118459,6923.857475,668.36,9.64,1269.67,18.33,-110.48,-1.59,6625.03,662.50
39,Exit long,2021-12-24,Margin call,50817.9,0.000116,5.8948764,-0.01,-0.11,0,0.00,-0.003,-0.05,6620.83,662.08
39,Entry long,2021-12-23,Long,50817.9,0.000116,5.8948764,-0.01,-0.11,0,0.00,-0.003,-0.05,6620.83,662.08
40,Exit long,2021-12-30,Exit L,47095,0.149817,7613.385324,-565.88,-7.43,193.08,2.53,-744.04,-9.77,6059.14,605.91
40,Entry long,2021-12-23,Long,50817.9,0.149817,7613.385324,-565.88,-7.43,193.08,2.53,-744.04,-9.77,6059.14,605.91
41,Exit short,2022-02-18,Margin call,40491.8,0.174135,7051.022179,-7.78,-0.11,0,0.00,-3.9,-0.06,6051.36,605.14
41,Entry short,2022-02-17,Short,40491.7,0.174135,7051.022179,-7.78,-0.11,0,0.00,-3.9,-0.06,6051.36,605.14
42,Exit short,2022-03-05,Margin call,39127.7,0.00014,5.477878,-0.01,-0.11,0,0.00,-0.003,-0.05,6047.49,604.75
42,Entry short,2022-03-04,Short,39127.7,0.00014,5.477878,-0.01,-0.11,0,0.00,-0.003,-0.05,6047.49,604.75
43,Exit short,2022-03-05,Margin call,39580,0.01604,627.608308,-7.95,-1.27,0,0.00,-7.6,-1.21,6039.88,603.99
43,Entry short,2022-03-04,Short,39127.7,0.01604,627.608308,-7.95,-1.27,0,0.00,-7.6,-1.21,6039.88,603.99
44,Exit short,2022-03-09,Margin call,42647.5,0.049704,1944.803201,-177.22,-9.11,98.04,5.04,-176.05,-9.05,5863.73,586.37
44,Entry short,2022-03-04,Short,39127.7,0.049704,1944.803201,-177.22,-9.11,98.04,5.04,-176.05,-9.05,5863.73,586.37
45,Exit short,2022-03-16,Exit S,41105.8,0.114231,4469.596299,-231.09,-5.17,225.31,5.04,-404.61,-9.05,5635.1,563.51
45,Entry short,2022-03-04,Short,39127.7,0.114231,4469.596299,-231.09,-5.17,225.31,5.04,-404.61,-9.05,5635.1,563.51
46,Exit short,2022-04-07,Margin call,43888,0.020268,874.7607996,-15.73,-1.80,9.14,1.04,-15.24,-1.74,5616.2,561.62
46,Entry short,2022-04-06,Short,43159.7,0.020268,874.7607996,-15.73,-1.80,9.14,1.04,-15.24,-1.74,5616.2,561.62
47,Exit short,2022-04-13,Trail S,41129.8,0.13335,5755.345995,264.56,4.59,533.41,9.26,-110.98,-1.93,5883.92,588.39
47,Entry short,2022-04-06,Short,43159.7,0.13335,5755.345995,264.56,4.59,533.41,9.26,-110.98,-1.93,5883.92,588.39
48,Exit short,2022-05-06,Margin call,36533.7,0.000104,3.7996088,-0.004,-0.11,0,0.00,-0.002,-0.05,5880.14,588.01
48,Entry short,2022-05-05,Short,36534.7,0.000104,3.7996088,-0.004,-0.11,0,0.00,-0.002,-0.05,5880.14,588.01
49,Exit short,2022-05-06,Margin call,36679.3,0.005668,207.0786796,-1.05,-0.51,0,0.00,-0.93,-0.45,5879.2,587.92
49,Entry short,2022-05-05,Short,36534.7,0.005668,207.0786796,-1.05,-0.51,0,0.00,-0.93,-0.45,5879.2,587.92
50,Exit short,2022-05-10,Trail S,31002.1,0.182583,6670.61513,1003.38,15.03,1243.98,18.64,-30.07,-0.45,6886.25,688.62
50,Entry short,2022-05-05,Short,36534.7,0.182583,6670.61513,1003.38,15.03,1243.98,18.64,-30.07,-0.45,6886.25,688.62
51,Exit short,2022-06-02,Margin call,30750,0.06558,1954.080702,-64.63,-3.31,14.05,0.72,-63.52,-3.25,6818.36,681.84
51,Entry short,2022-06-01,Short,29796.9,0.06558,1954.080702,-64.63,-3.31,14.05,0.72,-63.52,-3.25,6818.36,681.84
52,Exit short,2022-06-19,Trail S,20564.2,0.199166,5934.529385,1830.5,30.88,2424.38,40.88,-397.86,-6.71,8652.12,865.21
52,Entry short,2022-06-01,Short,29796.9,0.199166,5934.529385,1830.5,30.88,2424.38,40.88,-397.86,-6.71,8652.12,865.21
53,Exit short,2022-07-14,Margin call,20900,0.007368,153.6507984,-0.51,-0.33,14.29,9.30,-0.42,-0.28,8646.39,864.64
53,Entry short,2022-07-10,Short,20853.8,0.007368,153.6507984,-0.51,-0.33,14.29,9.30,-0.42,-0.28,8646.39,864.64
54,Exit short,2022-07-15,Margin call,21200,0.03022,630.201836,-11.15,-1.77,58.6,9.30,-10.8,-1.71,8635.58,863.56
54,Entry short,2022-07-10,Short,20853.8,0.03022,630.201836,-11.15,-1.77,58.6,9.30,-10.8,-1.71,8635.58,863.56
55,Exit short,2022-07-16,Exit S,21183.5,0.425226,8867.577959,-150,-1.69,824.58,9.30,-313.61,-3.54,8490.46,849.05
55,Entry short,2022-07-10,Short,20853.8,0.425226,8867.577959,-150,-1.69,824.58,9.30,-313.61,-3.54,8490.46,849.05
56,Exit short,2022-07-18,Margin call,22800,0.320852,6671.924829,-651,-9.75,5.95,0.09,-646.98,-9.69,7837.91,783.79
56,Entry short,2022-07-17,Short,20794.4,0.320852,6671.924829,-651,-9.75,5.95,0.09,-646.98,-9.69,7837.91,783.79
57,Exit short,2022-07-27,Exit S,22941.1,0.135374,2815.021106,-293.9,-10.43,12.64,0.45,-473.02,-16.79,7545.56,754.56
57,Entry short,2022-07-17,Short,20794.4,0.135374,2815.021106,-293.9,-10.43,12.64,0.45,-473.02,-16.79,7545.56,754.56
58,Exit short,2022-08-18,Margin call,23333.1,0.000068,1.5866508,-0.002,-0.11,0,0.00,-0.001,-0.05,7540.87,754.09
58,Entry short,2022-08-17,Short,23333.1,0.000068,1.5866508,-0.002,-0.11,0,0.00,-0.001,-0.05,7540.87,754.09
59,Exit short,2022-08-18,Margin call,23595,0.032296,753.5657976,-9.29,-1.23,7.08,0.94,-8.87,-1.18,7531.99,753.20
59,Entry short,2022-08-17,Short,23333.1,0.032296,753.5657976,-9.29,-1.23,7.08,0.94,-8.87,-1.18,7531.99,753.20
60,Exit short,2022-08-21,Trail S,21505.6,0.333665,7785.438811,601.48,7.72,859.97,11.04,-91.68,-1.18,8137.75,813.78
60,Entry short,2022-08-17,Short,23333.1,0.333665,7785.438811,601.48,7.72,859.97,11.04,-91.68,-1.18,8137.75,813.78
61,Exit short,2022-09-14,Margin call,20528.5,0.064268,1295.80355,-24.96,-1.93,0,0.00,-24.24,-1.87,8108.48,810.85
61,Entry short,2022-09-13,Short,20162.5,0.064268,1295.80355,-24.96,-1.93,0,0.00,-24.24,-1.87,8108.48,810.85
62,Exit short,2022-09-22,Trail S,19392.5,0.388597,7835.087013,290.77,3.71,803.26,10.25,-146.54,-1.87,8403.56,840.36
62,Entry short,2022-09-13,Short,20162.5,0.388597,7835.087013,290.77,3.71,803.26,10.25,-146.54,-1.87,8403.56,840.36
63,Exit short,2022-10-08,Margin call,19619.6,0.019328,377.2999552,-2.32,-0.62,0,0.00,-2.12,-0.56,8396.27,839.63
63,Entry short,2022-10-07,Short,19520.9,0.019328,377.2999552,-2.32,-0.62,0,0.00,-2.12,-0.56,8396.27,839.63
64,Exit short,2022-10-13,Exit S,19365.5,0.462066,9019.944179,61.92,0.69,735.77,8.15,-50.57,-0.56,8463.16,846.32
64,Entry short,2022-10-07,Short,19520.9,0.462066,9019.944179,61.92,0.69,735.77,8.15,-50.57,-0.56,8463.16,846.32
65,Exit short,2022-10-19,Margin call,19320.9,0.000032,0.6182688,-0.001,-0.11,0,0.00,-0.0003,-0.05,8457.95,845.80
65,Entry short,2022-10-18,Short,19320.9,0.000032,0.6182688,-0.001,-0.11,0,0.00,-0.0003,-0.05,8457.95,845.80
66,Exit short,2022-10-19,Margin call,19349.8,0.005756,111.2111004,-0.29,-0.26,0,0.00,-0.23,-0.20,8457.73,845.77
66,Entry short,2022-10-18,Short,19320.9,0.005756,111.2111004,-0.29,-0.26,0,0.00,-0.23,-0.20,8457.73,845.77
67,Exit short,2022-10-23,Margin call,19690,0.04994,964.885746,-19.51,-2.02,35.47,3.67,-18.97,-1.96,8438.75,843.88
67,Entry short,2022-10-18,Short,19320.9,0.04994,964.885746,-19.51,-2.02,35.47,3.67,-18.97,-1.96,8438.75,843.88
68,Exit short,2022-10-25,Exit S,20068.3,0.433766,8380.749509,-333.62,-3.98,308.07,3.67,-479.23,-5.71,8109.74,810.97
68,Entry short,2022-10-18,Short,19320.9,0.433766,8380.749509,-333.62,-3.98,308.07,3.67,-479.23,-5.71,8109.74,810.97
69,Exit short,2022-11-09,Margin call,18574.9,0.007884,146.122056,-0.48,-0.33,0,0.00,-0.4,-0.28,8104.33,810.43
69,Entry short,2022-11-08,Short,18534,0.007884,146.122056,-0.48,-0.33,0,0.00,-0.4,-0.28,8104.33,810.43
70,Exit short,2022-11-10,Trail S,17588,0.483316,8957.778744,446.53,4.99,1479.08,16.51,-24.69,-0.28,8555.79,855.58
70,Entry short,2022-11-08,Short,18534,0.483316,8957.778744,446.53,4.99,1479.08,16.51,-24.69,-0.28,8555.79,855.58
71,Exit short,2022-12-02,Margin call,17096.3,0.033076,561.316258,-4.78,-0.85,0,0.00,-4.47,-0.80,8546.06,854.61
71,Entry short,2022-12-01,Short,16970.5,0.033076,561.316258,-4.78,-0.85,0,0.00,-4.47,-0.80,8546.06,854.61
72,Exit short,2022-12-08,Exit S,17216,0.52964,8988.25562,-139.99,-1.56,162.16,1.80,-248.34,-2.76,8411.02,841.10
72,Entry short,2022-12-01,Short,16970.5,0.52964,8988.25562,-139.99,-1.56,162.16,1.80,-248.34,-2.76,8411.02,841.10
73,Exit short,2022-12-17,Margin call,16624.1,0.000084,1.3964244,-0.002,-0.11,0,0.00,-0.001,-0.05,8405.84,840.58
73,Entry short,2022-12-16,Short,16624.1,0.000084,1.3964244,-0.002,-0.11,0,0.00,-0.001,-0.05,8405.84,840.58
74,Exit short,2022-12-17,Margin call,16790,0.044468,739.2404788,-8.2,-1.11,1.92,0.26,-7.78,-1.05,8398.06,839.81
74,Entry short,2022-12-16,Short,16624.1,0.044468,739.2404788,-8.2,-1.11,1.92,0.26,-7.78,-1.05,8398.06,839.81
75,Exit short,2022-12-26,Exit S,16912.9,0.521226,8664.913147,-160.13,-1.85,211.11,2.43,-226.55,-2.61,8242.69,824.27
75,Entry short,2022-12-16,Short,16624.1,0.521226,8664.913147,-160.13,-1.85,211.11,2.43,-226.55,-2.61,8242.69,824.27
76,Exit long,2023-02-13,Exit L,21766.2,0.405818,9235.484299,-412.38,-4.46,275.88,2.99,-581.32,-6.29,7830.31,783.03
76,Entry long,2023-02-06,Long,22757.7,0.405818,9235.484299,-412.38,-4.46,275.88,2.99,-581.32,-6.29,7830.31,783.03
77,Exit long,2023-02-18,Margin call,24581.3,0.00004,0.941064,0.04,4.37,0.06,6.39,-0.01,-0.81,7825.5,782.55
77,Entry long,2023-02-16,Long,23526.6,0.00004,0.941064,0.04,4.37,0.06,6.39,-0.01,-0.81,7825.5,782.55
78,Exit long,2023-02-20,Margin call,24265.9,0.000008,0.1882128,0.01,3.03,0.01,7.05,-0.002,-0.81,7825.5,782.55
78,Entry long,2023-02-16,Long,23526.6,0.000008,0.1882128,0.01,3.03,0.01,7.05,-0.002,-0.81,7825.5,782.55
79,Exit long,2023-02-26,Exit L,23545.3,0.375018,8822.898479,-2.7,-0.03,678.14,7.68,-314.86,-3.57,7827.66,782.77
79,Entry long,2023-02-16,Long,23526.6,0.375018,8822.898479,-2.7,-0.03,678.14,7.68,-314.86,-3.57,7827.66,782.77
80,Exit long,2023-04-19,Trail L,28795.1,0.355854,8783.366355,1453.61,16.53,2266.61,25.76,-288.62,-3.27,9281.27,928.13
80,Entry long,2023-03-14,Long,24682.5,0.355854,8783.366355,1453.61,16.53,2266.61,25.76,-288.62,-3.27,9281.27,928.13
81,Exit long,2023-04-29,Margin call,29300,0.000696,20.3928,-0.02,-0.11,0,0.00,-0.01,-0.05,9275.61,927.56
81,Entry long,2023-04-28,Long,29300,0.000696,20.3928,-0.02,-0.11,0,0.00,-0.01,-0.05,9275.61,927.56
82,Exit long,2023-05-09,Exit L,27610.2,0.349895,10251.9235,-602.71,-5.87,221.92,2.16,-723.91,-7.05,8678.54,867.85
82,Entry long,2023-04-28,Long,29300,0.349895,10251.9235,-602.71,-5.87,221.92,2.16,-723.91,-7.05,8678.54,867.85
83,Exit long,2023-06-06,Exit L,27221.5,0.344655,9669.537283,-298.09,-3.08,127.85,1.32,-947.97,-9.79,8380.45,838.04
83,Entry long,2023-05-28,Long,28055.7,0.344655,9669.537283,-298.09,-3.08,127.85,1.32,-947.97,-9.79,8380.45,838.04
84,Exit long,2023-06-21,Margin call,28290.7,0.000656,17.599496,0.94,5.33,1.02,5.79,-0.14,-0.78,8376.24,837.62
84,Entry long,2023-06-19,Long,26828.5,0.000656,17.599496,0.94,5.33,1.02,5.79,-0.14,-0.78,8376.24,837.62
85,Exit long,2023-07-17,Exit L,30126.1,0.348897,9360.383165,1140.16,12.17,1746.79,18.65,-73.02,-0.78,9521.54,952.15
85,Entry long,2023-06-19,Long,26828.5,0.348897,9360.383165,1140.16,12.17,1746.79,18.65,-73.02,-0.78,9521.54,952.15
86,Exit long,2023-08-16,Exit L,28714.4,0.35572,10519.63642,-316.41,-3.01,50.02,0.48,-314.1,-2.99,9205.13,920.51
86,Entry long,2023-08-09,Long,29572.8,0.35572,10519.63642,-316.41,-3.01,50.02,0.48,-314.1,-2.99,9205.13,920.51
87,Exit short,2023-09-01,Margin call,26151.6,0.026276,681.284128,-6.63,-0.97,0,0.00,-6.25,-0.92,9193.27,919.33
87,Entry short,2023-08-31,Short,25928,0.026276,681.284128,-6.63,-0.97,0,0.00,-6.25,-0.92,9193.27,919.33
88,Exit short,2023-09-13,Exit S,26209.9,0.367059,9517.105752,-113.99,-1.20,376.36,3.95,-244.49,-2.57,9084.51,908.45
88,Entry short,2023-08-31,Short,25928,0.367059,9517.105752,-113.99,-1.20,376.36,3.95,-244.49,-2.57,9084.51,908.45
89,Exit short,2023-09-25,Margin call,26232.4,0.000104,2.7281696,-0.003,-0.11,0,0.00,-0.002,-0.05,9078.97,907.90
89,Entry short,2023-09-24,Short,26232.4,0.000104,2.7281696,-0.003,-0.11,0,0.00,-0.002,-0.05,9078.97,907.90
90,Exit short,2023-09-25,Margin call,26440,0.023816,624.7508384,-5.64,-0.90,0,0.00,-5.29,-0.85,9073.68,907.37
90,Entry short,2023-09-24,Short,26232.4,0.023816,624.7508384,-5.64,-0.90,0,0.00,-5.29,-0.85,9073.68,907.37
91,Exit short,2023-09-28,Margin call,27308.7,0.021284,558.3304016,-23.52,-4.21,5.39,0.96,-23.2,-4.16,9050.47,905.05
91,Entry short,2023-09-24,Short,26232.4,0.021284,558.3304016,-23.52,-4.21,5.39,0.96,-23.2,-4.16,9050.47,905.05
92,Exit short,2023-10-01,Margin call,28365.2,0.040712,1067.973469,-88.06,-8.24,10.3,0.96,-87.43,-8.18,8962.99,896.30
92,Entry short,2023-09-24,Short,26232.4,0.040712,1067.973469,-88.06,-8.24,10.3,0.96,-87.43,-8.18,8962.99,896.30
93,Exit short,2023-10-15,Exit S,27139.8,0.298267,7824.259251,-279.4,-3.57,75.47,0.96,-714.28,-9.13,8687.9,868.79
93,Entry short,2023-09-24,Short,26232.4,0.298267,7824.259251,-279.4,-3.57,75.47,0.96,-714.28,-9.13,8687.9,868.79
94,Exit long,2023-10-17,Margin call,28486.3,0.000416,11.8503008,-0.01,-0.11,0,0.00,-0.01,-0.05,8682.57,868.26
94,Entry long,2023-10-16,Long,28486.3,0.000416,11.8503008,-0.01,-0.11,0,0.00,-0.01,-0.05,8682.57,868.26
95,Exit long,2023-11-21,Trail L,35737,0.339442,9669.446645,2450.9,25.32,3394.91,35.08,-151.78,-1.57,11138.78,1113.88
95,Entry long,2023-10-16,Long,28486.3,0.339442,9669.446645,2450.9,25.32,3394.91,35.08,-151.78,-1.57,11138.78,1113.88
96,Exit long,2023-12-19,Margin call,42671.8,0.000668,27.652862,0.82,2.97,0.92,3.32,-0.58,-2.09,11132.94,1113.29
96,Entry long,2023-12-17,Long,41396.5,0.000668,27.652862,0.82,2.97,0.92,3.32,-0.58,-2.09,11132.94,1113.29
97,Exit long,2023-12-30,Exit L,42174.2,0.292634,12114.02338,214.16,1.77,896.99,7.40,-253.04,-2.09,11353.76,1135.38
97,Entry long,2023-12-17,Long,41396.5,0.292634,12114.02338,214.16,1.77,896.99,7.40,-253.04,-2.09,11353.76,1135.38
98,Exit long,2024-01-02,Margin call,44230.3,0.000708,31.3149816,-0.03,-0.11,0,0.00,-0.02,-0.05,11346.95,1134.69
98,Entry long,2024-01-01,Long,44230.2,0.000708,31.3149816,-0.03,-0.11,0,0.00,-0.02,-0.05,11346.95,1134.69
99,Exit long,2024-01-15,Exit L,42515,0.278519,12318.95107,-490.62,-3.98,1329.78,10.79,-1092.58,-8.86,10863.1,1086.31
99,Entry long,2024-01-01,Long,44230.2,0.278519,12318.95107,-490.62,-3.98,1329.78,10.79,-1092.58,-8.86,10863.1,1086.31
100,Exit long,2024-01-30,Margin call,43287.6,0.000108,4.6750716,-0.01,-0.11,0,0.00,-0.003,-0.06,10856.58,1085.66
100,Entry long,2024-01-29,Long,43287.7,0.000108,4.6750716,-0.01,-0.11,0,0.00,-0.003,-0.06,10856.58,1085.66
101,Exit long,2024-02-10,Margin call,47116.1,0.000196,8.4843892,0.74,8.72,0.96,11.36,-0.28,-3.34,10857.33,1085.73
101,Entry long,2024-01-29,Long,43287.7,0.000196,8.4843892,0.74,8.72,0.96,11.36,-0.28,-3.34,10857.33,1085.73
102,Exit long,2024-02-29,Margin call,62487.9,0.000056,2.4241112,1.07,44.20,1.18,48.46,-0.08,-3.34,10858.4,1085.84
102,Entry long,2024-01-29,Long,43287.7,0.000056,2.4241112,1.07,44.20,1.18,48.46,-0.08,-3.34,10858.4,1085.84
103,Exit long,2024-03-05,Trail L,63747.4,0.273572,11842.30266,5588.03,47.10,7132.24,60.12,-394.96,-3.34,16452.94,1645.29
103,Entry long,2024-01-29,Long,43287.7,0.273572,11842.30266,5588.03,47.10,7132.24,60.12,-394.96,-3.34,16452.94,1645.29
104,Exit long,2024-03-21,Margin call,67876.4,0.000004,0.261404,0.01,3.75,0.01,5.59,-0.02,-7.02,16443.35,1644.34
104,Entry long,2024-03-16,Long,65351,0.000004,0.261404,0.01,3.75,0.01,5.59,-0.02,-7.02,16443.35,1644.34
105,Exit long,2024-03-23,Margin call,63826.1,0.00014,9.14914,-0.22,-2.44,0.51,5.59,-0.64,-7.02,16443.13,1644.31
105,Entry long,2024-03-16,Long,65351,0.00014,9.14914,-0.22,-2.44,0.51,5.59,-0.64,-7.02,16443.13,1644.31
106,Exit long,2024-03-23,Exit L,64020.3,0.266749,17432.3139,-374.03,-2.14,974.82,5.59,-1222.85,-7.02,16078.69,1607.87
106,Entry long,2024-03-16,Long,65351,0.266749,17432.3139,-374.03,-2.14,974.82,5.59,-1222.85,-7.02,16078.69,1607.87
107,Exit long,2024-03-30,Margin call,69903.6,0.00036,25.215876,-0.08,-0.31,0.65,2.58,-0.62,-2.45,16069.24,1606.92
107,Entry long,2024-03-26,Long,70044.1,0.00036,25.215876,-0.08,-0.31,0.65,2.58,-0.62,-2.45,16069.24,1606.92
108,Exit long,2024-04-04,Exit L,68489.9,0.243292,17041.16918,-396.79,-2.33,439.2,2.58,-1358.51,-7.97,15681.82,1568.18
108,Entry long,2024-03-26,Long,70044.1,0.243292,17041.16918,-396.79,-2.33,439.2,2.58,-1358.51,-7.97,15681.82,1568.18
109,Exit long,2024-04-13,Margin call,67136.4,0.000204,14.1499908,-0.47,-3.32,0.71,5.03,-0.88,-6.19,15672.19,1567.22
109,Entry long,2024-04-07,Long,69362.7,0.000204,14.1499908,-0.47,-3.32,0.71,5.03,-0.88,-6.19,15672.19,1567.22
110,Exit long,2024-04-14,Margin call,63939.7,0.00016,11.098032,-0.88,-7.92,0.56,5.03,-1.56,-14.05,15671.32,1567.13
110,Entry long,2024-04-07,Long,69362.7,0.00016,11.098032,-0.88,-7.92,0.56,5.03,-1.56,-14.05,15671.32,1567.13
111,Exit long,2024-04-14,Exit L,65615.9,0.239952,16643.71859,-917.96,-5.51,837.26,5.03,-2340.14,-14.05,14762.52,1476.25
111,Entry long,2024-04-07,Long,69362.7,0.239952,16643.71859,-917.96,-5.51,837.26,5.03,-2340.14,-14.05,14762.52,1476.25
112,Exit long,2024-05-13,Exit L,62912.1,0.249473,15752.42374,-74.82,-0.47,303.02,1.92,-763.31,-4.84,14687.7,1468.77
112,Entry long,2024-05-06,Long,63142.8,0.249473,15752.42374,-74.82,-0.47,303.02,1.92,-763.31,-4.84,14687.7,1468.77
113,Exit long,2024-05-16,Margin call,66175.4,0.000776,51.3521104,-0.06,-0.11,0,0.00,-0.03,-0.05,14679.05,1467.90
113,Entry long,2024-05-15,Long,66175.4,0.000776,51.3521104,-0.06,-0.11,0,0.00,-0.03,-0.05,14679.05,1467.90
114,Exit long,2024-06-12,Exit L,68270.3,0.236272,15635.39411,477.44,3.05,1401.07,8.96,-388.74,-2.48,15165.08,1516.51
114,Entry long,2024-05-15,Long,66175.4,0.236272,15635.39411,477.44,3.05,1401.07,8.96,-388.74,-2.48,15165.08,1516.51
115,Exit long,2024-07-15,Margin call,60766,0.000016,0.972256,-0.001,-0.11,0,0.00,-0.001,-0.05,15156.2,1515.62
115,Entry long,2024-07-14,Long,60766,0.000016,0.972256,-0.001,-0.11,0,0.00,-0.001,-0.05,15156.2,1515.62
116,Exit long,2024-07-16,Margin call,64680.6,0.000124,7.534984,0.48,6.33,0.5,6.70,-0.02,-0.29,15156.68,1515.67
116,Entry long,2024-07-14,Long,60766,0.000124,7.534984,0.48,6.33,0.5,6.70,-0.02,-0.29,15156.68,1515.67
117,Exit long,2024-07-31,Trail L,64601.8,0.265663,16143.27786,1000.41,6.20,2465.7,15.27,-46.99,-0.29,16165.96,1616.60
117,Entry long,2024-07-14,Long,60766,0.265663,16143.27786,1000.41,6.20,2465.7,15.27,-46.99,-0.29,16165.96,1616.60
118,Exit short,2024-08-03,Margin call,62166,0.024196,1487.659605,-18.13,-1.22,0,0.00,-17.31,-1.16,16139.21,1613.92
118,Entry short,2024-08-02,Short,61483.7,0.024196,1487.659605,-18.13,-1.22,0,0.00,-17.31,-1.16,16139.21,1613.92
119,Exit short,2024-08-06,Trail S,55991.2,0.255102,15684.61484,1385.06,8.82,3203.32,20.42,-182.46,-1.16,17532.9,1753.29
119,Entry short,2024-08-02,Short,61483.7,0.255102,15684.61484,1385.06,8.82,3203.32,20.42,-182.46,-1.16,17532.9,1753.29
120,Exit short,2024-08-28,Margin call,59384.4,0.000056,3.325532,-0.004,-0.11,0,0.00,-0.002,-0.05,17522.71,1752.27
120,Entry short,2024-08-27,Short,59384.5,0.000056,3.325532,-0.004,-0.11,0,0.00,-0.002,-0.05,17522.71,1752.27
121,Exit short,2024-08-28,Margin call,60197.8,0.033536,1991.518592,-29.49,-1.48,0,0.00,-28.38,-1.42,17494.31,1749.43
121,Entry short,2024-08-27,Short,59384.5,0.033536,1991.518592,-29.49,-1.48,0,0.00,-28.38,-1.42,17494.31,1749.43
122,Exit short,2024-09-09,Trail S,57010,0.278263,16524.50912,642.87,3.89,1902.86,11.51,-498.99,-3.02,18146.27,1814.63
122,Entry short,2024-08-27,Short,59384.5,0.278263,16524.50912,642.87,3.89,1902.86,11.51,-498.99,-3.02,18146.27,1814.63
123,Exit short,2024-09-17,Margin call,61345,0.135308,7873.166596,-436.12,-5.54,76.6,0.97,-431.56,-5.48,17703.96,1770.40
123,Entry short,2024-09-16,Short,58187,0.135308,7873.166596,-436.12,-5.54,76.6,0.97,-431.56,-5.48,17703.96,1770.40
124,Exit short,2024-09-24,Exit S,64243.1,0.193581,11263.89765,-1185.26,-10.52,109.58,0.97,-1271.75,-11.28,16524.89,1652.49
124,Entry short,2024-09-16,Short,58187,0.193581,11263.89765,-1185.26,-10.52,109.58,0.97,-1271.75,-11.28,16524.89,1652.49
125,Exit short,2024-10-02,Margin call,60776.7,0.00004,2.431072,-0.003,-0.11,0,0.00,-0.001,-0.05,16515.25,1651.53
125,Entry short,2024-10-01,Short,60776.8,0.00004,2.431072,-0.003,-0.11,0,0.00,-0.001,-0.05,16515.25,1651.53
126,Exit short,2024-10-02,Margin call,62355,0.058248,3540.127046,-95.85,-2.71,47.08,1.33,-93.85,-2.65,16421.35,1642.14
126,Entry short,2024-10-01,Short,60776.8,0.058248,3540.127046,-95.85,-2.71,47.08,1.33,-93.85,-2.65,16421.35,1642.14
127,Exit short,2024-10-11,Exit S,62509,0.229985,13977.75235,-413.6,-2.96,423.57,3.03,-851.88,-6.09,16015.44,1601.54
127,Entry short,2024-10-01,Short,60776.8,0.229985,13977.75235,-413.6,-2.96,423.57,3.03,-851.88,-6.09,16015.44,1601.54
128,Exit long,2024-11-06,Margin call,69353.1,0.0003,20.35029,0.43,2.13,0.8,3.93,-0.13,-0.62,16006.53,1600.65
128,Entry long,2024-11-04,Long,67834.3,0.0003,20.35029,0.43,2.13,0.8,3.93,-0.13,-0.62,16006.53,1600.65
129,Exit long,2024-11-12,Margin call,88729,0.000308,20.8929644,6.42,30.66,6.76,32.31,-0.13,-0.62,16012.96,1601.30
129,Entry long,2024-11-04,Long,67834.3,0.000308,20.8929644,6.42,30.66,6.76,32.31,-0.13,-0.62,16012.96,1601.30
130,Exit long,2024-11-25,Trail L,93064,0.250192,16971.59919,6296.43,37.04,7961.09,46.84,-104.37,-0.62,22318.72,2231.87
130,Entry long,2024-11-04,Long,67834.3,0.250192,16971.59919,6296.43,37.04,7961.09,46.84,-104.37,-0.62,22318.72,2231.87
131,Exit long,2024-12-21,Margin call,97764.5,0.000032,3.1179008,0.01,0.23,0.02,0.77,-0.17,-5.35,22305.91,2230.59
131,Entry long,2024-12-19,Long,97434.4,0.000032,3.1179008,0.01,0.23,0.02,0.77,-0.17,-5.35,22305.91,2230.59
132,Exit long,2024-12-26,Exit L,95751,0.239285,23314.5904,-427.88,-1.84,588.62,2.53,-1246.87,-5.35,21890.85,2189.08
132,Entry long,2024-12-19,Long,97434.4,0.239285,23314.5904,-427.88,-1.84,588.62,2.53,-1246.87,-5.35,21890.85,2189.08
133,Exit long,2025-01-05,Margin call,98173.2,0.000296,29.0592672,-0.03,-0.11,0,0.00,-0.02,-0.05,21878.25,2187.82
133,Entry long,2025-01-04,Long,98173.2,0.000296,29.0592672,-0.03,-0.11,0,0.00,-0.02,-0.05,21878.25,2187.82
134,Exit long,2025-01-11,Exit L,94562.5,0.232858,22860.41501,-865.27,-3.78,1056.42,4.62,-1669.46,-7.30,21025.55,2102.55
134,Entry long,2025-01-04,Long,98173.2,0.232858,22860.41501,-865.27,-3.78,1056.42,4.62,-1669.46,-7.30,21025.55,2102.55
135,Exit long,2025-01-16,Margin call,100460,0.000364,36.56744,-0.04,-0.11,0,0.00,-0.02,-0.05,21013.42,2101.34
135,Entry long,2025-01-15,Long,100460,0.000364,36.56744,-0.04,-0.11,0,0.00,-0.02,-0.05,21013.42,2101.34
136,Exit long,2025-02-03,Exit L,101293.7,0.218841,21984.76686,158.13,0.72,2072.75,9.44,-2053.32,-9.34,21183.63,2118.36
136,Entry long,2025-01-15,Long,100460,0.218841,21984.76686,158.13,0.72,2072.75,9.44,-2053.32,-9.34,21183.63,2118.36
137,Exit short,2025-03-04,Margin call,88931,0.062548,5391.181,-177.17,-3.29,0,0.00,-174.12,-3.23,20997.23,2099.72
137,Entry short,2025-03-03,Short,86192.7,0.062548,5391.181,-177.17,-3.29,0,0.00,-174.12,-3.23,20997.23,2099.72
138,Exit short,2025-03-11,Trail S,82896,0.194662,16778.44337,623.28,3.71,1864.82,11.11,-1291.56,-7.69,21629.74,2162.97
138,Entry short,2025-03-03,Short,86192.7,0.194662,16778.44337,623.28,3.71,1864.82,11.11,-1291.56,-7.69,21629.74,2162.97
139,Exit short,2025-03-21,Margin call,84813.6,0.015052,1267.131547,-10.88,-0.86,0,0.00,-10.17,-0.80,21607.12,2160.71
139,Entry short,2025-03-20,Short,84183.6,0.015052,1267.131547,-10.88,-0.86,0,0.00,-10.17,-0.80,21607.12,2160.71
140,Exit short,2025-03-24,Margin call,88752,0.047468,3996.027125,-221.36,-5.54,48.16,1.21,-219.05,-5.48,21387.95,2138.80
140,Entry short,2025-03-20,Short,84183.6,0.047468,3996.027125,-221.36,-5.54,48.16,1.21,-219.05,-5.48,21387.95,2138.80
141,Exit short,2025-04-01,Exit S,85120.9,0.206076,17348.21955,-212.3,-1.22,600.72,3.46,-950.96,-5.48,21185.19,2118.52
141,Entry short,2025-03-20,Short,84183.6,0.206076,17348.21955,-212.3,-1.22,600.72,3.46,-950.96,-5.48,21185.19,2118.52
142,Exit short,2025-04-03,Margin call,83889.2,0.03578,2951.316878,-53.5,-1.81,45.34,1.54,-51.85,-1.76,21121.12,2112.11
142,Entry short,2025-04-02,Short,82485.1,0.03578,2951.316878,-53.5,-1.81,45.34,1.54,-51.85,-1.76,21121.12,2112.11
143,Exit short,2025-04-11,Exit S,83378.3,0.233032,19221.66782,-229.27,-1.19,1858.87,9.67,-523.29,-2.72,20902.42,2090.24
143,Entry short,2025-04-02,Short,82485.1,0.233032,19221.66782,-229.27,-1.19,1858.87,9.67,-523.29,-2.72,20902.42,2090.24
144,Exit long,2025-05-31,Margin call,103949.9,0.000056,5.9102344,-0.1,-1.61,0.04,0.63,-0.11,-1.93,20890.29,2089.03
144,Entry long,2025-05-29,Long,105539.9,0.000056,5.9102344,-0.1,-1.61,0.04,0.63,-0.11,-1.93,20890.29,2089.03
145,Exit long,2025-06-04,Margin call,105330.1,0.000084,8.8653516,-0.03,-0.31,0.1,1.11,-0.22,-2.43,20890.27,2089.03
145,Entry long,2025-05-29,Long,105539.9,0.000084,8.8653516,-0.03,-0.31,0.1,1.11,-0.22,-2.43,20890.27,2089.03
146,Exit long,2025-06-05,Exit L,101458.6,0.207213,21869.2393,-869.78,-3.97,244.02,1.11,-1097.37,-5.01,20032.52,2003.25
146,Entry long,2025-05-29,Long,105539.9,0.207213,21869.2393,-869.78,-3.97,244.02,1.11,-1097.37,-5.01,20032.52,2003.25
147,Exit long,2025-06-16,Exit L,106750.1,0.190613,21010.8707,-685.77,-3.26,15,0.07,-1463.51,-6.96,19346.74,1934.67
147,Entry long,2025-06-09,Long,110227.9,0.190613,21010.8707,-685.77,-3.26,15,0.07,-1463.51,-6.96,19346.74,1934.67
148,Exit long,2025-06-26,Margin call,107280.1,0.000064,6.86592,-0.01,-0.11,0,0.00,-0.004,-0.05,19335.56,1933.56
148,Entry long,2025-06-25,Long,107280,0.000064,6.86592,-0.01,-0.11,0,0.00,-0.004,-0.05,19335.56,1933.56
149,Exit long,2025-08-01,Exit L,113244.8,0.189416,20320.54848,1106.74,5.44,3024.57,14.87,-441.23,-2.17,20453.47,2045.35
149,Entry long,2025-06-25,Long,107280,0.189416,20320.54848,1106.74,5.44,3024.57,14.87,-441.23,-2.17,20453.47,2045.35
150,Exit long,2025-08-10,Margin call,116422.1,0.0001,11.64221,-0.01,-0.11,0,0.00,-0.01,-0.05,20441.67,2044.17
150,Entry long,2025-08-09,Long,116422.1,0.0001,11.64221,-0.01,-0.11,0,0.00,-0.01,-0.05,20441.67,2044.17
151,Exit long,2025-08-19,Exit L,112824.2,0.184051,21427.60393,-685.71,-3.20,1483.86,6.92,-703.3,-3.28,19767.75,1976.78
151,Entry long,2025-08-09,Long,116422.1,0.184051,21427.60393,-685.71,-3.20,1483.86,6.92,-703.3,-3.28,19767.75,1976.78
152,Exit long,2025-09-09,Margin call,112012.7,0.00006,6.720756,-0.01,-0.11,0,0.00,-0.004,-0.05,19756.33,1975.63
152,Entry long,2025-09-08,Long,112012.6,0.00006,6.720756,-0.01,-0.11,0,0.00,-0.004,-0.05,19756.33,1975.63
153,Exit long,2025-09-13,Margin call,115978.4,0.000208,23.2986208,0.8,3.43,0.94,4.04,-0.28,-1.21,19757.15,1975.71
153,Entry long,2025-09-08,Long,112012.6,0.000208,23.2986208,0.8,3.43,0.94,4.04,-0.28,-1.21,19757.15,1975.71
154,Exit long,2025-09-24,Exit L,113254,0.18502,20724.57125,206.83,1.00,1073.64,5.18,-251.54,-1.21,19975.38,1997.54
154,Entry long,2025-09-08,Long,112012.6,0.18502,20724.57125,206.83,1.00,1073.64,5.18,-251.54,-1.21,19975.38,1997.54
155,Exit long,2025-10-02,Margin call,118552,0.0004,47.42096,-0.05,-0.11,0,0.00,-0.03,-0.06,19963.82,1996.38
155,Entry long,2025-10-01,Long,118552.4,0.0004,47.42096,-0.05,-0.11,0,0.00,-0.03,-0.06,19963.82,1996.38
156,Exit long,2025-10-12,Exit L,114894.4,0.176412,20914.06599,-668.66,-3.19,1339.56,6.40,-3018.58,-14.42,19306.67,1930.67
156,Entry long,2025-10-01,Long,118552.4,0.176412,20914.06599,-668.66,-3.19,1339.56,6.40,-3018.58,-14.42,19306.67,1930.67
157,Exit long,2025-11-02,Exit L,110494.9,0.177223,20291.64361,-731.12,-3.60,322.46,1.59,-1481.84,-7.30,18575.55,1857.55
157,Entry long,2025-10-26,Long,114497.8,0.177223,20291.64361,-731.12,-3.60,322.46,1.59,-1481.84,-7.30,18575.55,1857.55
158,Exit short,2025-12-05,Margin call,92665.5,0.011432,1052.14069,-8.37,-0.80,0,0.00,-7.79,-0.74,18556.99,1855.70
158,Entry short,2025-12-04,Short,92034.7,0.011432,1052.14069,-8.37,-0.80,0,0.00,-7.79,-0.74,18556.99,1855.70
159,Exit short,2025-12-20,Exit S,88320.8,0.20108,18506.33748,726.47,3.93,1522.85,8.23,-516.99,-2.79,19293.65,1929.36
159,Entry short,2025-12-04,Short,92034.7,0.20108,18506.33748,726.47,3.93,1522.85,8.23,-516.99,-2.79,19293.65,1929.36
160,Exit short,2026-01-01,Margin call,88881.4,0.026208,2296.035706,-35.86,-1.56,1.35,0.06,-34.58,-1.51,19247.89,1924.79
160,Entry short,2025-12-31,Short,87608.2,0.026208,2296.035706,-35.86,-1.56,1.35,0.06,-34.58,-1.51,19247.89,1924.79
161,Exit short,2026-01-05,Margin call,94760.3,0.02916,2554.655112,-211.39,-8.27,1.5,0.06,-209.87,-8.21,19037.91,1903.79
161,Entry short,2025-12-31,Short,87608.2,0.02916,2554.655112,-211.39,-8.27,1.5,0.06,-209.87,-8.21,19037.91,1903.79
162,Exit short,2026-02-06,Trail S,70544.5,0.176384,15452.68475,2988.75,19.37,4887.16,31.67,-1828.51,-11.83,22035.15,2203.52
162,Entry short,2025-12-31,Short,87608.2,0.176384,15452.68475,2988.75,19.37,4887.16,31.67,-1828.51,-11.83,22035.15,2203.52
163,Exit short,2026-03-04,Margin call,74046.5,0.209424,14302.67491,-1220.79,-8.53,190.09,1.33,-1212.26,-8.47,20809.57,2080.96
163,Entry short,2026-03-03,Short,68295.3,0.209424,14302.67491,-1220.79,-8.53,190.09,1.33,-1212.26,-8.47,20809.57,2080.96
164,Exit short,2026-03-10,Exit S,69901.9,0.127681,8720.012199,-214.87,-2.46,343.28,3.93,-739.09,-8.47,20599.5,2059.95
164,Entry short,2026-03-03,Short,68295.3,0.127681,8720.012199,-214.87,-2.46,343.28,3.93,-739.09,-8.47,20599.5,2059.95